server	data	M	N	K	threads	seed	wall_s	cpu_s	loglik	iterations	protocol	source
gold6152	input.gz	50000	100	3	8	1	32.48	144.74	-3865964.447811	205	10 runs at a time (ngsadmix/bench/run_training.sh); loglik re-scored with ngsadmix -eval	ngsadmix/bench/work/training/runs.csv
gold6152	input.gz	50000	100	3	8	10	23.95	106.21	-3865964.44536	218	10 runs at a time (ngsadmix/bench/run_training.sh); loglik re-scored with ngsadmix -eval	ngsadmix/bench/work/training/runs.csv
gold6152	input.gz	50000	100	3	8	11	23.86	109.38	-3865964.446352	223	10 runs at a time (ngsadmix/bench/run_training.sh); loglik re-scored with ngsadmix -eval	ngsadmix/bench/work/training/runs.csv
gold6152	input.gz	50000	100	3	8	12	25.96	113.49	-3865964.438781	217	10 runs at a time (ngsadmix/bench/run_training.sh); loglik re-scored with ngsadmix -eval	ngsadmix/bench/work/training/runs.csv
gold6152	input.gz	50000	100	3	8	13	23.96	106.84	-3865964.436793	206	10 runs at a time (ngsadmix/bench/run_training.sh); loglik re-scored with ngsadmix -eval	ngsadmix/bench/work/training/runs.csv
gold6152	input.gz	50000	100	3	8	14	22.07	101.24	-3865964.462927	200	10 runs at a time (ngsadmix/bench/run_training.sh); loglik re-scored with ngsadmix -eval	ngsadmix/bench/work/training/runs.csv
gold6152	input.gz	50000	100	3	8	15	25.33	116.32	-3865964.460665	245	10 runs at a time (ngsadmix/bench/run_training.sh); loglik re-scored with ngsadmix -eval	ngsadmix/bench/work/training/runs.csv
gold6152	input.gz	50000	100	3	8	16	23.1	102.87	-3865964.446845	219	10 runs at a time (ngsadmix/bench/run_training.sh); loglik re-scored with ngsadmix -eval	ngsadmix/bench/work/training/runs.csv
gold6152	input.gz	50000	100	3	8	17	26.34	117.43	-3865964.454882	223	10 runs at a time (ngsadmix/bench/run_training.sh); loglik re-scored with ngsadmix -eval	ngsadmix/bench/work/training/runs.csv
gold6152	input.gz	50000	100	3	8	18	22.72	99.76	-3865964.475282	191	10 runs at a time (ngsadmix/bench/run_training.sh); loglik re-scored with ngsadmix -eval	ngsadmix/bench/work/training/runs.csv
gold6152	input.gz	50000	100	3	8	19	23.81	104.13000000000001	-3865964.426667	208	10 runs at a time (ngsadmix/bench/run_training.sh); loglik re-scored with ngsadmix -eval	ngsadmix/bench/work/training/runs.csv
gold6152	input.gz	50000	100	3	8	2	28.01	132.01	-3865964.421462	211	10 runs at a time (ngsadmix/bench/run_training.sh); loglik re-scored with ngsadmix -eval	ngsadmix/bench/work/training/runs.csv
gold6152	input.gz	50000	100	3	8	20	24.47	106.02	-3865964.461544	202	10 runs at a time (ngsadmix/bench/run_training.sh); loglik re-scored with ngsadmix -eval	ngsadmix/bench/work/training/runs.csv
gold6152	input.gz	50000	100	3	8	21	26.37	115.16	-3865964.455739	231	10 runs at a time (ngsadmix/bench/run_training.sh); loglik re-scored with ngsadmix -eval	ngsadmix/bench/work/training/runs.csv
gold6152	input.gz	50000	100	3	8	22	24.52	116.21000000000001	-3865964.447678	242	10 runs at a time (ngsadmix/bench/run_training.sh); loglik re-scored with ngsadmix -eval	ngsadmix/bench/work/training/runs.csv
gold6152	input.gz	50000	100	3	8	23	24.05	109.23	-3865964.451141	227	10 runs at a time (ngsadmix/bench/run_training.sh); loglik re-scored with ngsadmix -eval	ngsadmix/bench/work/training/runs.csv
gold6152	input.gz	50000	100	3	8	24	20.87	92.85	-3865964.460715	194	10 runs at a time (ngsadmix/bench/run_training.sh); loglik re-scored with ngsadmix -eval	ngsadmix/bench/work/training/runs.csv
gold6152	input.gz	50000	100	3	8	25	27.1	127.71000000000001	-3865964.461883	239	10 runs at a time (ngsadmix/bench/run_training.sh); loglik re-scored with ngsadmix -eval	ngsadmix/bench/work/training/runs.csv
gold6152	input.gz	50000	100	3	8	3	30.32	145.72	-3865964.43789	213	10 runs at a time (ngsadmix/bench/run_training.sh); loglik re-scored with ngsadmix -eval	ngsadmix/bench/work/training/runs.csv
gold6152	input.gz	50000	100	3	8	4	25.86	125.63000000000001	-3865964.378268	206	10 runs at a time (ngsadmix/bench/run_training.sh); loglik re-scored with ngsadmix -eval	ngsadmix/bench/work/training/runs.csv
gold6152	input.gz	50000	100	3	8	5	30.24	139.1	-3865964.445013	200	10 runs at a time (ngsadmix/bench/run_training.sh); loglik re-scored with ngsadmix -eval	ngsadmix/bench/work/training/runs.csv
gold6152	input.gz	50000	100	3	8	6	21.6	96.14	-3865964.472388	200	10 runs at a time (ngsadmix/bench/run_training.sh); loglik re-scored with ngsadmix -eval	ngsadmix/bench/work/training/runs.csv
gold6152	input.gz	50000	100	3	8	7	22.89	96.51	-3865964.437945	200	10 runs at a time (ngsadmix/bench/run_training.sh); loglik re-scored with ngsadmix -eval	ngsadmix/bench/work/training/runs.csv
gold6152	input.gz	50000	100	3	8	8	23.8	102.74000000000001	-3865964.458059	216	10 runs at a time (ngsadmix/bench/run_training.sh); loglik re-scored with ngsadmix -eval	ngsadmix/bench/work/training/runs.csv
gold6152	input.gz	50000	100	3	8	9	23.55	105.26	-3865964.433266	231	10 runs at a time (ngsadmix/bench/run_training.sh); loglik re-scored with ngsadmix -eval	ngsadmix/bench/work/training/runs.csv
gold6152	input.gz	50000	100	4	8	1	55.83	286.27	-3817737.990585	423	10 runs at a time (ngsadmix/bench/run_training.sh); loglik re-scored with ngsadmix -eval	ngsadmix/bench/work/training/runs.csv
gold6152	input.gz	50000	100	4	8	10	36.83	172.06	-3817737.931452	335	10 runs at a time (ngsadmix/bench/run_training.sh); loglik re-scored with ngsadmix -eval	ngsadmix/bench/work/training/runs.csv
gold6152	input.gz	50000	100	4	8	11	94.91	476.59000000000003	-3839202.206758	950	10 runs at a time (ngsadmix/bench/run_training.sh); loglik re-scored with ngsadmix -eval	ngsadmix/bench/work/training/runs.csv
gold6152	input.gz	50000	100	4	8	12	31.36	146.22	-3817737.99457	294	10 runs at a time (ngsadmix/bench/run_training.sh); loglik re-scored with ngsadmix -eval	ngsadmix/bench/work/training/runs.csv
gold6152	input.gz	50000	100	4	8	13	40.46	190.08999999999997	-3817765.877654	363	10 runs at a time (ngsadmix/bench/run_training.sh); loglik re-scored with ngsadmix -eval	ngsadmix/bench/work/training/runs.csv
gold6152	input.gz	50000	100	4	8	14	40.51	190.0	-3817765.828006	361	10 runs at a time (ngsadmix/bench/run_training.sh); loglik re-scored with ngsadmix -eval	ngsadmix/bench/work/training/runs.csv
gold6152	input.gz	50000	100	4	8	15	37.59	177.35999999999999	-3817737.946904	343	10 runs at a time (ngsadmix/bench/run_training.sh); loglik re-scored with ngsadmix -eval	ngsadmix/bench/work/training/runs.csv
gold6152	input.gz	50000	100	4	8	16	46.5	221.76000000000002	-3817738.015013	417	10 runs at a time (ngsadmix/bench/run_training.sh); loglik re-scored with ngsadmix -eval	ngsadmix/bench/work/training/runs.csv
gold6152	input.gz	50000	100	4	8	17	35.82	165.23	-3817765.858485	310	10 runs at a time (ngsadmix/bench/run_training.sh); loglik re-scored with ngsadmix -eval	ngsadmix/bench/work/training/runs.csv
gold6152	input.gz	50000	100	4	8	18	42.38	205.97	-3817737.963393	399	10 runs at a time (ngsadmix/bench/run_training.sh); loglik re-scored with ngsadmix -eval	ngsadmix/bench/work/training/runs.csv
gold6152	input.gz	50000	100	4	8	19	34.54	167.66	-3817765.866404	336	10 runs at a time (ngsadmix/bench/run_training.sh); loglik re-scored with ngsadmix -eval	ngsadmix/bench/work/training/runs.csv
gold6152	input.gz	50000	100	4	8	2	39.17	193.4	-3817765.824161	300	10 runs at a time (ngsadmix/bench/run_training.sh); loglik re-scored with ngsadmix -eval	ngsadmix/bench/work/training/runs.csv
gold6152	input.gz	50000	100	4	8	20	42.04	192.12	-3817738.018125	353	10 runs at a time (ngsadmix/bench/run_training.sh); loglik re-scored with ngsadmix -eval	ngsadmix/bench/work/training/runs.csv
gold6152	input.gz	50000	100	4	8	21	70.89	343.45	-3838934.183933	650	10 runs at a time (ngsadmix/bench/run_training.sh); loglik re-scored with ngsadmix -eval	ngsadmix/bench/work/training/runs.csv
gold6152	input.gz	50000	100	4	8	22	33.26	149.60000000000002	-3817737.974366	272	10 runs at a time (ngsadmix/bench/run_training.sh); loglik re-scored with ngsadmix -eval	ngsadmix/bench/work/training/runs.csv
gold6152	input.gz	50000	100	4	8	23	82.9	414.65999999999997	-3839102.036938	800	10 runs at a time (ngsadmix/bench/run_training.sh); loglik re-scored with ngsadmix -eval	ngsadmix/bench/work/training/runs.csv
gold6152	input.gz	50000	100	4	8	24	38.01	178.86	-3817765.851675	338	10 runs at a time (ngsadmix/bench/run_training.sh); loglik re-scored with ngsadmix -eval	ngsadmix/bench/work/training/runs.csv
gold6152	input.gz	50000	100	4	8	25	34.19	164.59	-3817765.855436	320	10 runs at a time (ngsadmix/bench/run_training.sh); loglik re-scored with ngsadmix -eval	ngsadmix/bench/work/training/runs.csv
gold6152	input.gz	50000	100	4	8	3	38.98	192.04	-3817738.019055	294	10 runs at a time (ngsadmix/bench/run_training.sh); loglik re-scored with ngsadmix -eval	ngsadmix/bench/work/training/runs.csv
gold6152	input.gz	50000	100	4	8	4	46.68	235.04	-3817737.998105	348	10 runs at a time (ngsadmix/bench/run_training.sh); loglik re-scored with ngsadmix -eval	ngsadmix/bench/work/training/runs.csv
gold6152	input.gz	50000	100	4	8	5	48.36	232.26	-3817737.973291	346	10 runs at a time (ngsadmix/bench/run_training.sh); loglik re-scored with ngsadmix -eval	ngsadmix/bench/work/training/runs.csv
gold6152	input.gz	50000	100	4	8	6	38.27	172.96	-3817738.047793	319	10 runs at a time (ngsadmix/bench/run_training.sh); loglik re-scored with ngsadmix -eval	ngsadmix/bench/work/training/runs.csv
gold6152	input.gz	50000	100	4	8	7	63.26	305.19	-3823989.544444	600	10 runs at a time (ngsadmix/bench/run_training.sh); loglik re-scored with ngsadmix -eval	ngsadmix/bench/work/training/runs.csv
gold6152	input.gz	50000	100	4	8	8	33.36	152.49	-3817765.838751	300	10 runs at a time (ngsadmix/bench/run_training.sh); loglik re-scored with ngsadmix -eval	ngsadmix/bench/work/training/runs.csv
gold6152	input.gz	50000	100	4	8	9	38.0	178.25	-3817765.837471	350	10 runs at a time (ngsadmix/bench/run_training.sh); loglik re-scored with ngsadmix -eval	ngsadmix/bench/work/training/runs.csv
gold6152	input.gz	50000	100	5	8	1	58.34	313.71999999999997	-3782023.548313	415	10 runs at a time (ngsadmix/bench/run_training.sh); loglik re-scored with ngsadmix -eval	ngsadmix/bench/work/training/runs.csv
gold6152	input.gz	50000	100	5	8	10	70.32	369.71	-3788980.927597	600	10 runs at a time (ngsadmix/bench/run_training.sh); loglik re-scored with ngsadmix -eval	ngsadmix/bench/work/training/runs.csv
gold6152	input.gz	50000	100	5	8	11	110.76	568.1999999999999	-3789880.830365	850	10 runs at a time (ngsadmix/bench/run_training.sh); loglik re-scored with ngsadmix -eval	ngsadmix/bench/work/training/runs.csv
gold6152	input.gz	50000	100	5	8	12	69.06	350.90999999999997	-3776213.739874	529	10 runs at a time (ngsadmix/bench/run_training.sh); loglik re-scored with ngsadmix -eval	ngsadmix/bench/work/training/runs.csv
gold6152	input.gz	50000	100	5	8	13	68.53	354.28	-3776230.492719	528	10 runs at a time (ngsadmix/bench/run_training.sh); loglik re-scored with ngsadmix -eval	ngsadmix/bench/work/training/runs.csv
gold6152	input.gz	50000	100	5	8	14	61.71	309.37	-3776214.40208	448	10 runs at a time (ngsadmix/bench/run_training.sh); loglik re-scored with ngsadmix -eval	ngsadmix/bench/work/training/runs.csv
gold6152	input.gz	50000	100	5	8	15	58.56	302.27000000000004	-3776230.471079	500	10 runs at a time (ngsadmix/bench/run_training.sh); loglik re-scored with ngsadmix -eval	ngsadmix/bench/work/training/runs.csv
gold6152	input.gz	50000	100	5	8	16	92.6	481.66	-3790292.811297	750	10 runs at a time (ngsadmix/bench/run_training.sh); loglik re-scored with ngsadmix -eval	ngsadmix/bench/work/training/runs.csv
gold6152	input.gz	50000	100	5	8	17	56.01	285.33	-3776230.484115	439	10 runs at a time (ngsadmix/bench/run_training.sh); loglik re-scored with ngsadmix -eval	ngsadmix/bench/work/training/runs.csv
gold6152	input.gz	50000	100	5	8	18	114.71	599.56	-3789485.333002	950	10 runs at a time (ngsadmix/bench/run_training.sh); loglik re-scored with ngsadmix -eval	ngsadmix/bench/work/training/runs.csv
gold6152	input.gz	50000	100	5	8	19	67.88	347.64	-3776214.009693	563	10 runs at a time (ngsadmix/bench/run_training.sh); loglik re-scored with ngsadmix -eval	ngsadmix/bench/work/training/runs.csv
gold6152	input.gz	50000	100	5	8	2	236.56	1306.43	-3790246.096548	1795	10 runs at a time (ngsadmix/bench/run_training.sh); loglik re-scored with ngsadmix -eval	ngsadmix/bench/work/training/runs.csv
gold6152	input.gz	50000	100	5	8	20	111.04	584.51	-3791049.579521	950	10 runs at a time (ngsadmix/bench/run_training.sh); loglik re-scored with ngsadmix -eval	ngsadmix/bench/work/training/runs.csv
gold6152	input.gz	50000	100	5	8	21	103.23	546.9899999999999	-3789565.454154	877	10 runs at a time (ngsadmix/bench/run_training.sh); loglik re-scored with ngsadmix -eval	ngsadmix/bench/work/training/runs.csv
gold6152	input.gz	50000	100	5	8	22	62.61	320.63000000000005	-3776230.467476	500	10 runs at a time (ngsadmix/bench/run_training.sh); loglik re-scored with ngsadmix -eval	ngsadmix/bench/work/training/runs.csv
gold6152	input.gz	50000	100	5	8	23	91.13	479.26	-3789795.463698	750	10 runs at a time (ngsadmix/bench/run_training.sh); loglik re-scored with ngsadmix -eval	ngsadmix/bench/work/training/runs.csv
gold6152	input.gz	50000	100	5	8	24	55.15	282.46	-3776230.445341	450	10 runs at a time (ngsadmix/bench/run_training.sh); loglik re-scored with ngsadmix -eval	ngsadmix/bench/work/training/runs.csv
gold6152	input.gz	50000	100	5	8	25	59.28	306.71	-3776230.466397	498	10 runs at a time (ngsadmix/bench/run_training.sh); loglik re-scored with ngsadmix -eval	ngsadmix/bench/work/training/runs.csv
gold6152	input.gz	50000	100	5	8	3	75.32	398.26	-3782023.495172	543	10 runs at a time (ngsadmix/bench/run_training.sh); loglik re-scored with ngsadmix -eval	ngsadmix/bench/work/training/runs.csv
gold6152	input.gz	50000	100	5	8	4	55.31	287.15000000000003	-3776230.487424	394	10 runs at a time (ngsadmix/bench/run_training.sh); loglik re-scored with ngsadmix -eval	ngsadmix/bench/work/training/runs.csv
gold6152	input.gz	50000	100	5	8	5	218.48	1196.28	-3790102.653146	1650	10 runs at a time (ngsadmix/bench/run_training.sh); loglik re-scored with ngsadmix -eval	ngsadmix/bench/work/training/runs.csv
gold6152	input.gz	50000	100	5	8	6	48.48	247.55	-3776213.765112	405	10 runs at a time (ngsadmix/bench/run_training.sh); loglik re-scored with ngsadmix -eval	ngsadmix/bench/work/training/runs.csv
gold6152	input.gz	50000	100	5	8	7	89.3	476.76	-3790897.339622	800	10 runs at a time (ngsadmix/bench/run_training.sh); loglik re-scored with ngsadmix -eval	ngsadmix/bench/work/training/runs.csv
gold6152	input.gz	50000	100	5	8	8	68.84	356.27000000000004	-3789840.874966	600	10 runs at a time (ngsadmix/bench/run_training.sh); loglik re-scored with ngsadmix -eval	ngsadmix/bench/work/training/runs.csv
gold6152	input.gz	50000	100	5	8	9	111.08	613.56	-3790672.233576	1050	10 runs at a time (ngsadmix/bench/run_training.sh); loglik re-scored with ngsadmix -eval	ngsadmix/bench/work/training/runs.csv
gold6152	input.gz	50000	100	6	8	1	121.2	683.87	-3748124.31556	939	10 runs at a time (ngsadmix/bench/run_training.sh); loglik re-scored with ngsadmix -eval	ngsadmix/bench/work/training/runs.csv
gold6152	input.gz	50000	100	6	8	10	83.44	435.57	-3760535.999773	650	10 runs at a time (ngsadmix/bench/run_training.sh); loglik re-scored with ngsadmix -eval	ngsadmix/bench/work/training/runs.csv
gold6152	input.gz	50000	100	6	8	11	61.54	329.15	-3740542.9879	500	10 runs at a time (ngsadmix/bench/run_training.sh); loglik re-scored with ngsadmix -eval	ngsadmix/bench/work/training/runs.csv
gold6152	input.gz	50000	100	6	8	12	86.3	456.27	-3748225.048253	700	10 runs at a time (ngsadmix/bench/run_training.sh); loglik re-scored with ngsadmix -eval	ngsadmix/bench/work/training/runs.csv
gold6152	input.gz	50000	100	6	8	13	97.39	510.6	-3747582.360619	750	10 runs at a time (ngsadmix/bench/run_training.sh); loglik re-scored with ngsadmix -eval	ngsadmix/bench/work/training/runs.csv
gold6152	input.gz	50000	100	6	8	14	115.5	602.0200000000001	-3749146.232086	900	10 runs at a time (ngsadmix/bench/run_training.sh); loglik re-scored with ngsadmix -eval	ngsadmix/bench/work/training/runs.csv
gold6152	input.gz	50000	100	6	8	15	96.0	501.62	-3747295.687617	750	10 runs at a time (ngsadmix/bench/run_training.sh); loglik re-scored with ngsadmix -eval	ngsadmix/bench/work/training/runs.csv
gold6152	input.gz	50000	100	6	8	16	94.85	492.46	-3749288.611794	750	10 runs at a time (ngsadmix/bench/run_training.sh); loglik re-scored with ngsadmix -eval	ngsadmix/bench/work/training/runs.csv
gold6152	input.gz	50000	100	6	8	17	164.47	893.8299999999999	-3749487.137942	1400	10 runs at a time (ngsadmix/bench/run_training.sh); loglik re-scored with ngsadmix -eval	ngsadmix/bench/work/training/runs.csv
gold6152	input.gz	50000	100	6	8	18	98.62	522.5500000000001	-3751049.334532	750	10 runs at a time (ngsadmix/bench/run_training.sh); loglik re-scored with ngsadmix -eval	ngsadmix/bench/work/training/runs.csv
gold6152	input.gz	50000	100	6	8	19	118.94	631.13	-3748934.723413	950	10 runs at a time (ngsadmix/bench/run_training.sh); loglik re-scored with ngsadmix -eval	ngsadmix/bench/work/training/runs.csv
gold6152	input.gz	50000	100	6	8	2	147.1	818.27	-3749240.974304	1150	10 runs at a time (ngsadmix/bench/run_training.sh); loglik re-scored with ngsadmix -eval	ngsadmix/bench/work/training/runs.csv
gold6152	input.gz	50000	100	6	8	20	151.47	827.87	-3749225.992718	1310	10 runs at a time (ngsadmix/bench/run_training.sh); loglik re-scored with ngsadmix -eval	ngsadmix/bench/work/training/runs.csv
gold6152	input.gz	50000	100	6	8	21	67.26	357.49	-3740543.225548	549	10 runs at a time (ngsadmix/bench/run_training.sh); loglik re-scored with ngsadmix -eval	ngsadmix/bench/work/training/runs.csv
gold6152	input.gz	50000	100	6	8	22	87.42	468.78	-3761718.305297	700	10 runs at a time (ngsadmix/bench/run_training.sh); loglik re-scored with ngsadmix -eval	ngsadmix/bench/work/training/runs.csv
gold6152	input.gz	50000	100	6	8	23	83.54	448.37	-3753967.039777	750	10 runs at a time (ngsadmix/bench/run_training.sh); loglik re-scored with ngsadmix -eval	ngsadmix/bench/work/training/runs.csv
gold6152	input.gz	50000	100	6	8	24	56.43	290.23	-3748810.031817	500	10 runs at a time (ngsadmix/bench/run_training.sh); loglik re-scored with ngsadmix -eval	ngsadmix/bench/work/training/runs.csv
gold6152	input.gz	50000	100	6	8	25	90.77	513.9	-3754890.609624	1050	10 runs at a time (ngsadmix/bench/run_training.sh); loglik re-scored with ngsadmix -eval	ngsadmix/bench/work/training/runs.csv
gold6152	input.gz	50000	100	6	8	3	226.38	1221.67	-3748686.376543	1750	10 runs at a time (ngsadmix/bench/run_training.sh); loglik re-scored with ngsadmix -eval	ngsadmix/bench/work/training/runs.csv
gold6152	input.gz	50000	100	6	8	4	152.92	811.67	-3749187.072522	1150	10 runs at a time (ngsadmix/bench/run_training.sh); loglik re-scored with ngsadmix -eval	ngsadmix/bench/work/training/runs.csv
gold6152	input.gz	50000	100	6	8	5	120.16	632.63	-3749133.960152	1000	10 runs at a time (ngsadmix/bench/run_training.sh); loglik re-scored with ngsadmix -eval	ngsadmix/bench/work/training/runs.csv
gold6152	input.gz	50000	100	6	8	6	160.79	846.6	-3747935.40801	1309	10 runs at a time (ngsadmix/bench/run_training.sh); loglik re-scored with ngsadmix -eval	ngsadmix/bench/work/training/runs.csv
gold6152	input.gz	50000	100	6	8	7	69.92	355.35	-3747514.806433	543	10 runs at a time (ngsadmix/bench/run_training.sh); loglik re-scored with ngsadmix -eval	ngsadmix/bench/work/training/runs.csv
gold6152	input.gz	50000	100	6	8	8	62.82	324.07	-3740543.037667	500	10 runs at a time (ngsadmix/bench/run_training.sh); loglik re-scored with ngsadmix -eval	ngsadmix/bench/work/training/runs.csv
gold6152	input.gz	50000	100	6	8	9	159.8	861.62	-3748005.18188	1300	10 runs at a time (ngsadmix/bench/run_training.sh); loglik re-scored with ngsadmix -eval	ngsadmix/bench/work/training/runs.csv
e5-2699v4	input.gz	50000	100	3	8	1	21.75	103.96000000000001	-3865964.442945	205	10 runs at a time (ngsadmix/bench/run_training.sh); loglik re-scored with ngsadmix -eval	session scratchpad/readme2/ngs_orig/runs.csv
e5-2699v4	input.gz	50000	100	3	8	10	21.37	105.15	-3865964.440494	218	10 runs at a time (ngsadmix/bench/run_training.sh); loglik re-scored with ngsadmix -eval	session scratchpad/readme2/ngs_orig/runs.csv
e5-2699v4	input.gz	50000	100	3	8	11	22.48	107.55	-3865964.441486	223	10 runs at a time (ngsadmix/bench/run_training.sh); loglik re-scored with ngsadmix -eval	session scratchpad/readme2/ngs_orig/runs.csv
e5-2699v4	input.gz	50000	100	3	8	12	21.6	100.71	-3865964.433915	217	10 runs at a time (ngsadmix/bench/run_training.sh); loglik re-scored with ngsadmix -eval	session scratchpad/readme2/ngs_orig/runs.csv
e5-2699v4	input.gz	50000	100	3	8	13	21.12	101.16000000000001	-3865964.431927	206	10 runs at a time (ngsadmix/bench/run_training.sh); loglik re-scored with ngsadmix -eval	session scratchpad/readme2/ngs_orig/runs.csv
e5-2699v4	input.gz	50000	100	3	8	14	20.79	99.0	-3865964.458061	200	10 runs at a time (ngsadmix/bench/run_training.sh); loglik re-scored with ngsadmix -eval	session scratchpad/readme2/ngs_orig/runs.csv
e5-2699v4	input.gz	50000	100	3	8	15	22.88	109.87	-3865964.455799	245	10 runs at a time (ngsadmix/bench/run_training.sh); loglik re-scored with ngsadmix -eval	session scratchpad/readme2/ngs_orig/runs.csv
e5-2699v4	input.gz	50000	100	3	8	16	22.32	106.07	-3865964.441979	219	10 runs at a time (ngsadmix/bench/run_training.sh); loglik re-scored with ngsadmix -eval	session scratchpad/readme2/ngs_orig/runs.csv
e5-2699v4	input.gz	50000	100	3	8	17	22.35	107.25	-3865964.450016	223	10 runs at a time (ngsadmix/bench/run_training.sh); loglik re-scored with ngsadmix -eval	session scratchpad/readme2/ngs_orig/runs.csv
e5-2699v4	input.gz	50000	100	3	8	18	19.22	90.28	-3865964.470416	191	10 runs at a time (ngsadmix/bench/run_training.sh); loglik re-scored with ngsadmix -eval	session scratchpad/readme2/ngs_orig/runs.csv
e5-2699v4	input.gz	50000	100	3	8	19	20.91	97.27	-3865964.421801	208	10 runs at a time (ngsadmix/bench/run_training.sh); loglik re-scored with ngsadmix -eval	session scratchpad/readme2/ngs_orig/runs.csv
e5-2699v4	input.gz	50000	100	3	8	2	21.04	102.93	-3865964.416596	211	10 runs at a time (ngsadmix/bench/run_training.sh); loglik re-scored with ngsadmix -eval	session scratchpad/readme2/ngs_orig/runs.csv
e5-2699v4	input.gz	50000	100	3	8	20	20.59	93.39	-3865964.456678	202	10 runs at a time (ngsadmix/bench/run_training.sh); loglik re-scored with ngsadmix -eval	session scratchpad/readme2/ngs_orig/runs.csv
e5-2699v4	input.gz	50000	100	3	8	21	24.44	115.00999999999999	-3865964.450873	231	10 runs at a time (ngsadmix/bench/run_training.sh); loglik re-scored with ngsadmix -eval	session scratchpad/readme2/ngs_orig/runs.csv
e5-2699v4	input.gz	50000	100	3	8	22	22.6	107.43	-3865964.442812	242	10 runs at a time (ngsadmix/bench/run_training.sh); loglik re-scored with ngsadmix -eval	session scratchpad/readme2/ngs_orig/runs.csv
e5-2699v4	input.gz	50000	100	3	8	23	24.2	113.84	-3865964.446275	227	10 runs at a time (ngsadmix/bench/run_training.sh); loglik re-scored with ngsadmix -eval	session scratchpad/readme2/ngs_orig/runs.csv
e5-2699v4	input.gz	50000	100	3	8	24	21.19	98.27	-3865964.455849	194	10 runs at a time (ngsadmix/bench/run_training.sh); loglik re-scored with ngsadmix -eval	session scratchpad/readme2/ngs_orig/runs.csv
e5-2699v4	input.gz	50000	100	3	8	25	22.71	108.52	-3865964.457017	239	10 runs at a time (ngsadmix/bench/run_training.sh); loglik re-scored with ngsadmix -eval	session scratchpad/readme2/ngs_orig/runs.csv
e5-2699v4	input.gz	50000	100	3	8	3	22.01	106.1	-3865964.433024	213	10 runs at a time (ngsadmix/bench/run_training.sh); loglik re-scored with ngsadmix -eval	session scratchpad/readme2/ngs_orig/runs.csv
e5-2699v4	input.gz	50000	100	3	8	4	21.33	103.97	-3865964.373402	206	10 runs at a time (ngsadmix/bench/run_training.sh); loglik re-scored with ngsadmix -eval	session scratchpad/readme2/ngs_orig/runs.csv
e5-2699v4	input.gz	50000	100	3	8	5	20.73	101.82	-3865964.440147	200	10 runs at a time (ngsadmix/bench/run_training.sh); loglik re-scored with ngsadmix -eval	session scratchpad/readme2/ngs_orig/runs.csv
e5-2699v4	input.gz	50000	100	3	8	6	20.45	99.65	-3865964.467522	200	10 runs at a time (ngsadmix/bench/run_training.sh); loglik re-scored with ngsadmix -eval	session scratchpad/readme2/ngs_orig/runs.csv
e5-2699v4	input.gz	50000	100	3	8	7	20.71	99.75999999999999	-3865964.433079	200	10 runs at a time (ngsadmix/bench/run_training.sh); loglik re-scored with ngsadmix -eval	session scratchpad/readme2/ngs_orig/runs.csv
e5-2699v4	input.gz	50000	100	3	8	8	21.41	105.4	-3865964.453193	216	10 runs at a time (ngsadmix/bench/run_training.sh); loglik re-scored with ngsadmix -eval	session scratchpad/readme2/ngs_orig/runs.csv
e5-2699v4	input.gz	50000	100	3	8	9	22.78	112.71000000000001	-3865964.4284	231	10 runs at a time (ngsadmix/bench/run_training.sh); loglik re-scored with ngsadmix -eval	session scratchpad/readme2/ngs_orig/runs.csv
e5-2699v4	input.gz	50000	100	4	8	1	39.27	192.92000000000002	-3817737.985719	423	10 runs at a time (ngsadmix/bench/run_training.sh); loglik re-scored with ngsadmix -eval	session scratchpad/readme2/ngs_orig/runs.csv
e5-2699v4	input.gz	50000	100	4	8	10	33.25	156.88	-3817737.926586	335	10 runs at a time (ngsadmix/bench/run_training.sh); loglik re-scored with ngsadmix -eval	session scratchpad/readme2/ngs_orig/runs.csv
e5-2699v4	input.gz	50000	100	4	8	11	85.85	431.97	-3839202.201892	950	10 runs at a time (ngsadmix/bench/run_training.sh); loglik re-scored with ngsadmix -eval	session scratchpad/readme2/ngs_orig/runs.csv
e5-2699v4	input.gz	50000	100	4	8	12	29.95	138.62	-3817737.989704	294	10 runs at a time (ngsadmix/bench/run_training.sh); loglik re-scored with ngsadmix -eval	session scratchpad/readme2/ngs_orig/runs.csv
e5-2699v4	input.gz	50000	100	4	8	13	35.67	169.20000000000002	-3817765.872788	363	10 runs at a time (ngsadmix/bench/run_training.sh); loglik re-scored with ngsadmix -eval	session scratchpad/readme2/ngs_orig/runs.csv
e5-2699v4	input.gz	50000	100	4	8	14	37.28	172.1	-3817765.82314	361	10 runs at a time (ngsadmix/bench/run_training.sh); loglik re-scored with ngsadmix -eval	session scratchpad/readme2/ngs_orig/runs.csv
e5-2699v4	input.gz	50000	100	4	8	15	34.76	161.67000000000002	-3817737.942038	343	10 runs at a time (ngsadmix/bench/run_training.sh); loglik re-scored with ngsadmix -eval	session scratchpad/readme2/ngs_orig/runs.csv
e5-2699v4	input.gz	50000	100	4	8	16	42.64	205.35	-3817738.010147	417	10 runs at a time (ngsadmix/bench/run_training.sh); loglik re-scored with ngsadmix -eval	session scratchpad/readme2/ngs_orig/runs.csv
e5-2699v4	input.gz	50000	100	4	8	17	33.51	154.37	-3817765.853619	310	10 runs at a time (ngsadmix/bench/run_training.sh); loglik re-scored with ngsadmix -eval	session scratchpad/readme2/ngs_orig/runs.csv
e5-2699v4	input.gz	50000	100	4	8	18	41.01	197.1	-3817737.958527	399	10 runs at a time (ngsadmix/bench/run_training.sh); loglik re-scored with ngsadmix -eval	session scratchpad/readme2/ngs_orig/runs.csv
e5-2699v4	input.gz	50000	100	4	8	19	36.55	165.63	-3817765.861538	336	10 runs at a time (ngsadmix/bench/run_training.sh); loglik re-scored with ngsadmix -eval	session scratchpad/readme2/ngs_orig/runs.csv
e5-2699v4	input.gz	50000	100	4	8	2	31.98	148.83999999999997	-3817765.819295	300	10 runs at a time (ngsadmix/bench/run_training.sh); loglik re-scored with ngsadmix -eval	session scratchpad/readme2/ngs_orig/runs.csv
e5-2699v4	input.gz	50000	100	4	8	20	37.41	172.08999999999997	-3817738.013259	353	10 runs at a time (ngsadmix/bench/run_training.sh); loglik re-scored with ngsadmix -eval	session scratchpad/readme2/ngs_orig/runs.csv
e5-2699v4	input.gz	50000	100	4	8	21	61.72	301.71999999999997	-3838934.179066	650	10 runs at a time (ngsadmix/bench/run_training.sh); loglik re-scored with ngsadmix -eval	session scratchpad/readme2/ngs_orig/runs.csv
e5-2699v4	input.gz	50000	100	4	8	22	29.82	133.94	-3817737.9695	272	10 runs at a time (ngsadmix/bench/run_training.sh); loglik re-scored with ngsadmix -eval	session scratchpad/readme2/ngs_orig/runs.csv
e5-2699v4	input.gz	50000	100	4	8	23	73.38	368.27	-3839102.032072	800	10 runs at a time (ngsadmix/bench/run_training.sh); loglik re-scored with ngsadmix -eval	session scratchpad/readme2/ngs_orig/runs.csv
e5-2699v4	input.gz	50000	100	4	8	24	33.99	160.42000000000002	-3817765.846809	338	10 runs at a time (ngsadmix/bench/run_training.sh); loglik re-scored with ngsadmix -eval	session scratchpad/readme2/ngs_orig/runs.csv
e5-2699v4	input.gz	50000	100	4	8	25	34.28	158.01999999999998	-3817765.85057	320	10 runs at a time (ngsadmix/bench/run_training.sh); loglik re-scored with ngsadmix -eval	session scratchpad/readme2/ngs_orig/runs.csv
e5-2699v4	input.gz	50000	100	4	8	3	28.48	134.38	-3817738.014189	294	10 runs at a time (ngsadmix/bench/run_training.sh); loglik re-scored with ngsadmix -eval	session scratchpad/readme2/ngs_orig/runs.csv
e5-2699v4	input.gz	50000	100	4	8	4	35.95	171.4	-3817737.993239	348	10 runs at a time (ngsadmix/bench/run_training.sh); loglik re-scored with ngsadmix -eval	session scratchpad/readme2/ngs_orig/runs.csv
e5-2699v4	input.gz	50000	100	4	8	5	36.19	171.16	-3817737.968425	346	10 runs at a time (ngsadmix/bench/run_training.sh); loglik re-scored with ngsadmix -eval	session scratchpad/readme2/ngs_orig/runs.csv
e5-2699v4	input.gz	50000	100	4	8	6	31.41	150.04	-3817738.042927	319	10 runs at a time (ngsadmix/bench/run_training.sh); loglik re-scored with ngsadmix -eval	session scratchpad/readme2/ngs_orig/runs.csv
e5-2699v4	input.gz	50000	100	4	8	7	55.47	272.40000000000003	-3823989.539578	600	10 runs at a time (ngsadmix/bench/run_training.sh); loglik re-scored with ngsadmix -eval	session scratchpad/readme2/ngs_orig/runs.csv
e5-2699v4	input.gz	50000	100	4	8	8	29.75	141.15	-3817765.833885	300	10 runs at a time (ngsadmix/bench/run_training.sh); loglik re-scored with ngsadmix -eval	session scratchpad/readme2/ngs_orig/runs.csv
e5-2699v4	input.gz	50000	100	4	8	9	35.4	164.45000000000002	-3817765.832605	350	10 runs at a time (ngsadmix/bench/run_training.sh); loglik re-scored with ngsadmix -eval	session scratchpad/readme2/ngs_orig/runs.csv
e5-2699v4	input.gz	50000	100	5	8	1	49.56	252.17000000000002	-3782023.543447	415	10 runs at a time (ngsadmix/bench/run_training.sh); loglik re-scored with ngsadmix -eval	session scratchpad/readme2/ngs_orig/runs.csv
e5-2699v4	input.gz	50000	100	5	8	10	70.16	364.59000000000003	-3788980.922731	600	10 runs at a time (ngsadmix/bench/run_training.sh); loglik re-scored with ngsadmix -eval	session scratchpad/readme2/ngs_orig/runs.csv
e5-2699v4	input.gz	50000	100	5	8	11	90.76	489.3	-3789880.825499	850	10 runs at a time (ngsadmix/bench/run_training.sh); loglik re-scored with ngsadmix -eval	session scratchpad/readme2/ngs_orig/runs.csv
e5-2699v4	input.gz	50000	100	5	8	12	57.02	304.18	-3776213.735008	529	10 runs at a time (ngsadmix/bench/run_training.sh); loglik re-scored with ngsadmix -eval	session scratchpad/readme2/ngs_orig/runs.csv
e5-2699v4	input.gz	50000	100	5	8	13	60.24	312.67999999999995	-3776230.487853	528	10 runs at a time (ngsadmix/bench/run_training.sh); loglik re-scored with ngsadmix -eval	session scratchpad/readme2/ngs_orig/runs.csv
e5-2699v4	input.gz	50000	100	5	8	14	49.33	260.52	-3776214.397214	448	10 runs at a time (ngsadmix/bench/run_training.sh); loglik re-scored with ngsadmix -eval	session scratchpad/readme2/ngs_orig/runs.csv
e5-2699v4	input.gz	50000	100	5	8	15	56.04	295.34999999999997	-3776230.466213	500	10 runs at a time (ngsadmix/bench/run_training.sh); loglik re-scored with ngsadmix -eval	session scratchpad/readme2/ngs_orig/runs.csv
e5-2699v4	input.gz	50000	100	5	8	16	83.1	439.78999999999996	-3790292.806431	750	10 runs at a time (ngsadmix/bench/run_training.sh); loglik re-scored with ngsadmix -eval	session scratchpad/readme2/ngs_orig/runs.csv
e5-2699v4	input.gz	50000	100	5	8	17	48.38	256.07	-3776230.479249	439	10 runs at a time (ngsadmix/bench/run_training.sh); loglik re-scored with ngsadmix -eval	session scratchpad/readme2/ngs_orig/runs.csv
e5-2699v4	input.gz	50000	100	5	8	18	106.34	565.78	-3789485.328136	950	10 runs at a time (ngsadmix/bench/run_training.sh); loglik re-scored with ngsadmix -eval	session scratchpad/readme2/ngs_orig/runs.csv
e5-2699v4	input.gz	50000	100	5	8	19	64.14	339.34	-3776214.004827	563	10 runs at a time (ngsadmix/bench/run_training.sh); loglik re-scored with ngsadmix -eval	session scratchpad/readme2/ngs_orig/runs.csv
e5-2699v4	input.gz	50000	100	5	8	2	184.23	1021.98	-3790246.091682	1795	10 runs at a time (ngsadmix/bench/run_training.sh); loglik re-scored with ngsadmix -eval	session scratchpad/readme2/ngs_orig/runs.csv
e5-2699v4	input.gz	50000	100	5	8	20	102.56	555.5600000000001	-3791049.574655	950	10 runs at a time (ngsadmix/bench/run_training.sh); loglik re-scored with ngsadmix -eval	session scratchpad/readme2/ngs_orig/runs.csv
e5-2699v4	input.gz	50000	100	5	8	21	97.36	524.49	-3789565.449288	877	10 runs at a time (ngsadmix/bench/run_training.sh); loglik re-scored with ngsadmix -eval	session scratchpad/readme2/ngs_orig/runs.csv
e5-2699v4	input.gz	50000	100	5	8	22	56.88	295.61	-3776230.46261	500	10 runs at a time (ngsadmix/bench/run_training.sh); loglik re-scored with ngsadmix -eval	session scratchpad/readme2/ngs_orig/runs.csv
e5-2699v4	input.gz	50000	100	5	8	23	81.4	435.76	-3789795.458832	750	10 runs at a time (ngsadmix/bench/run_training.sh); loglik re-scored with ngsadmix -eval	session scratchpad/readme2/ngs_orig/runs.csv
e5-2699v4	input.gz	50000	100	5	8	24	53.74	273.72	-3776230.440475	450	10 runs at a time (ngsadmix/bench/run_training.sh); loglik re-scored with ngsadmix -eval	session scratchpad/readme2/ngs_orig/runs.csv
e5-2699v4	input.gz	50000	100	5	8	25	58.48	300.16	-3776230.461531	498	10 runs at a time (ngsadmix/bench/run_training.sh); loglik re-scored with ngsadmix -eval	session scratchpad/readme2/ngs_orig/runs.csv
e5-2699v4	input.gz	50000	100	5	8	3	66.73	338.15000000000003	-3782023.490306	543	10 runs at a time (ngsadmix/bench/run_training.sh); loglik re-scored with ngsadmix -eval	session scratchpad/readme2/ngs_orig/runs.csv
e5-2699v4	input.gz	50000	100	5	8	4	43.31	220.5	-3776230.482558	394	10 runs at a time (ngsadmix/bench/run_training.sh); loglik re-scored with ngsadmix -eval	session scratchpad/readme2/ngs_orig/runs.csv
e5-2699v4	input.gz	50000	100	5	8	5	181.96	983.13	-3790102.64828	1650	10 runs at a time (ngsadmix/bench/run_training.sh); loglik re-scored with ngsadmix -eval	session scratchpad/readme2/ngs_orig/runs.csv
e5-2699v4	input.gz	50000	100	5	8	6	53.55	256.38	-3776213.760246	405	10 runs at a time (ngsadmix/bench/run_training.sh); loglik re-scored with ngsadmix -eval	session scratchpad/readme2/ngs_orig/runs.csv
e5-2699v4	input.gz	50000	100	5	8	7	95.42	492.83	-3790897.334756	800	10 runs at a time (ngsadmix/bench/run_training.sh); loglik re-scored with ngsadmix -eval	session scratchpad/readme2/ngs_orig/runs.csv
e5-2699v4	input.gz	50000	100	5	8	8	74.55	377.45	-3789840.8701	600	10 runs at a time (ngsadmix/bench/run_training.sh); loglik re-scored with ngsadmix -eval	session scratchpad/readme2/ngs_orig/runs.csv
e5-2699v4	input.gz	50000	100	5	8	9	114.63	623.58	-3790672.22871	1050	10 runs at a time (ngsadmix/bench/run_training.sh); loglik re-scored with ngsadmix -eval	session scratchpad/readme2/ngs_orig/runs.csv
e5-2699v4	input.gz	50000	100	6	8	1	112.14	577.92	-3748124.310694	939	10 runs at a time (ngsadmix/bench/run_training.sh); loglik re-scored with ngsadmix -eval	session scratchpad/readme2/ngs_orig/runs.csv
e5-2699v4	input.gz	50000	100	6	8	10	78.03	404.93	-3760535.994907	650	10 runs at a time (ngsadmix/bench/run_training.sh); loglik re-scored with ngsadmix -eval	session scratchpad/readme2/ngs_orig/runs.csv
e5-2699v4	input.gz	50000	100	6	8	11	59.11	301.53999999999996	-3740542.983034	500	10 runs at a time (ngsadmix/bench/run_training.sh); loglik re-scored with ngsadmix -eval	session scratchpad/readme2/ngs_orig/runs.csv
e5-2699v4	input.gz	50000	100	6	8	12	80.59	418.26	-3748225.043387	700	10 runs at a time (ngsadmix/bench/run_training.sh); loglik re-scored with ngsadmix -eval	session scratchpad/readme2/ngs_orig/runs.csv
e5-2699v4	input.gz	50000	100	6	8	13	88.91	451.96	-3747582.355753	750	10 runs at a time (ngsadmix/bench/run_training.sh); loglik re-scored with ngsadmix -eval	session scratchpad/readme2/ngs_orig/runs.csv
e5-2699v4	input.gz	50000	100	6	8	14	106.05	550.98	-3749146.22722	900	10 runs at a time (ngsadmix/bench/run_training.sh); loglik re-scored with ngsadmix -eval	session scratchpad/readme2/ngs_orig/runs.csv
e5-2699v4	input.gz	50000	100	6	8	15	90.61	460.15000000000003	-3747295.682751	750	10 runs at a time (ngsadmix/bench/run_training.sh); loglik re-scored with ngsadmix -eval	session scratchpad/readme2/ngs_orig/runs.csv
e5-2699v4	input.gz	50000	100	6	8	16	83.09	437.07000000000005	-3749288.606928	750	10 runs at a time (ngsadmix/bench/run_training.sh); loglik re-scored with ngsadmix -eval	session scratchpad/readme2/ngs_orig/runs.csv
e5-2699v4	input.gz	50000	100	6	8	17	144.73	773.3399999999999	-3749487.133076	1400	10 runs at a time (ngsadmix/bench/run_training.sh); loglik re-scored with ngsadmix -eval	session scratchpad/readme2/ngs_orig/runs.csv
e5-2699v4	input.gz	50000	100	6	8	18	90.07	464.5	-3751049.329666	750	10 runs at a time (ngsadmix/bench/run_training.sh); loglik re-scored with ngsadmix -eval	session scratchpad/readme2/ngs_orig/runs.csv
e5-2699v4	input.gz	50000	100	6	8	19	99.65	531.31	-3748934.718547	950	10 runs at a time (ngsadmix/bench/run_training.sh); loglik re-scored with ngsadmix -eval	session scratchpad/readme2/ngs_orig/runs.csv
e5-2699v4	input.gz	50000	100	6	8	2	135.17	706.83	-3749240.969438	1150	10 runs at a time (ngsadmix/bench/run_training.sh); loglik re-scored with ngsadmix -eval	session scratchpad/readme2/ngs_orig/runs.csv
e5-2699v4	input.gz	50000	100	6	8	20	117.76	664.78	-3749225.987852	1310	10 runs at a time (ngsadmix/bench/run_training.sh); loglik re-scored with ngsadmix -eval	session scratchpad/readme2/ngs_orig/runs.csv
e5-2699v4	input.gz	50000	100	6	8	21	65.97	339.79	-3740543.220682	549	10 runs at a time (ngsadmix/bench/run_training.sh); loglik re-scored with ngsadmix -eval	session scratchpad/readme2/ngs_orig/runs.csv
e5-2699v4	input.gz	50000	100	6	8	22	73.39	390.0	-3761718.300431	700	10 runs at a time (ngsadmix/bench/run_training.sh); loglik re-scored with ngsadmix -eval	session scratchpad/readme2/ngs_orig/runs.csv
e5-2699v4	input.gz	50000	100	6	8	23	77.3	406.29	-3753967.034911	750	10 runs at a time (ngsadmix/bench/run_training.sh); loglik re-scored with ngsadmix -eval	session scratchpad/readme2/ngs_orig/runs.csv
e5-2699v4	input.gz	50000	100	6	8	24	55.91	277.65	-3748810.026951	500	10 runs at a time (ngsadmix/bench/run_training.sh); loglik re-scored with ngsadmix -eval	session scratchpad/readme2/ngs_orig/runs.csv
e5-2699v4	input.gz	50000	100	6	8	25	91.26	511.31	-3754890.604758	1050	10 runs at a time (ngsadmix/bench/run_training.sh); loglik re-scored with ngsadmix -eval	session scratchpad/readme2/ngs_orig/runs.csv
e5-2699v4	input.gz	50000	100	6	8	3	188.17	1018.77	-3748686.371677	1750	10 runs at a time (ngsadmix/bench/run_training.sh); loglik re-scored with ngsadmix -eval	session scratchpad/readme2/ngs_orig/runs.csv
e5-2699v4	input.gz	50000	100	6	8	4	134.13	696.35	-3749187.067656	1150	10 runs at a time (ngsadmix/bench/run_training.sh); loglik re-scored with ngsadmix -eval	session scratchpad/readme2/ngs_orig/runs.csv
e5-2699v4	input.gz	50000	100	6	8	5	109.91	589.88	-3749133.955286	1000	10 runs at a time (ngsadmix/bench/run_training.sh); loglik re-scored with ngsadmix -eval	session scratchpad/readme2/ngs_orig/runs.csv
e5-2699v4	input.gz	50000	100	6	8	6	150.63	795.3	-3747935.403144	1309	10 runs at a time (ngsadmix/bench/run_training.sh); loglik re-scored with ngsadmix -eval	session scratchpad/readme2/ngs_orig/runs.csv
e5-2699v4	input.gz	50000	100	6	8	7	61.01	320.58	-3747514.801567	543	10 runs at a time (ngsadmix/bench/run_training.sh); loglik re-scored with ngsadmix -eval	session scratchpad/readme2/ngs_orig/runs.csv
e5-2699v4	input.gz	50000	100	6	8	8	63.22	313.47	-3740543.032801	500	10 runs at a time (ngsadmix/bench/run_training.sh); loglik re-scored with ngsadmix -eval	session scratchpad/readme2/ngs_orig/runs.csv
e5-2699v4	input.gz	50000	100	6	8	9	143.23	766.26	-3748005.177014	1300	10 runs at a time (ngsadmix/bench/run_training.sh); loglik re-scored with ngsadmix -eval	session scratchpad/readme2/ngs_orig/runs.csv
